{"cameraMode":{"drawMode":0,"name":"Shaded","section":"Shading Mode"},"sceneLighting":false,"audioPlay":false,"sceneViewState":{"showFog":true,"showMaterialUpdate":false,"showSkybox":true,"showFlares":true,"showImageEffects":true,"showParticleSystems":true},"in2DMode":false,"pivot":{"x":-3.8603739738464357,"y":0.8363257050514221,"z":-2.704448699951172},"rotation":{"x":-0.05216497182846069,"y":0.8916265368461609,"z":-0.106434665620327,"w":-0.43698829412460329},"size":10.0,"orthographic":false}